ticker,date,open,high,low,volume,adj_close,close
ABEV3,2023-02-14,13.149999618530273,13.359999656677246,12.989999771118164,29701200,13.0,13.0
ABEV3,2020-07-13,14.909999847412109,14.949999809265137,13.979999542236328,36972600,12.410869598388672,14.0
ABEV3,2020-02-27,14.899999618530273,14.970000267028809,14.279999732971191,91108200,12.854114532470703,14.5
ABEV3,2021-04-01,15.390000343322754,15.399999618530273,14.989999771118164,15974100,13.714001655578613,15.0
ABEV3,2021-10-22,14.829999923706055,15.229999542236328,14.539999961853027,29599100,13.714001655578613,15.0
ABEV3,2022-01-26,15.1899995803833,15.300000190734863,14.880000114440918,24257200,14.249212265014648,15.0
ABEV3,2022-12-15,15.010000228881836,15.220000267028809,14.899999618530273,36105800,14.249212265014648,15.0
ABEV3,2020-12-11,15.659999847412109,15.800000190734863,15.319999694824219,31872700,13.740604400634766,15.5
ABEV3,2020-12-23,15.579999923706055,15.729999542236328,15.5,11560800,14.103916168212891,15.5
ABEV3,2022-08-16,15.4399995803833,15.609999656677246,15.329999923706055,16447100,14.724185943603516,15.5
ABEV3,2022-09-08,15.600000381469727,15.739999771118164,15.350000381469727,22311100,14.724185943603516,15.5
ABEV3,2021-12-03,16.010000228881836,16.209999084472656,15.829999923706055,26061600,14.628268241882324,16.0
ABEV3,2022-08-18,15.659999847412109,16.020000457763672,15.590000152587891,34709400,15.199159622192383,16.0
ABEV3,2022-10-31,15.770000457763672,16.020000457763672,15.699999809265137,26748700,15.199159622192383,16.0
ABEV3,2022-12-07,16.1299991607666,16.139999389648438,15.869999885559082,26792000,15.199159622192383,16.0
ABEV3,2020-08-25,12.890000343322754,12.9399995803833,12.699999809265137,14960200,11.302755355834961,12.75
ABEV3,2020-08-28,12.760000228881836,12.850000381469727,12.5,23050600,11.302755355834961,12.75
ABEV3,2020-06-03,13.25,13.630000114440918,13.229999542236328,29826800,11.746001243591309,13.25
ABEV3,2020-11-06,13.199999809265137,13.489999771118164,13.130000114440918,20836200,11.746001243591309,13.25
ABEV3,2020-03-11,14.140000343322754,14.329999923706055,12.899999618530273,39788900,12.189245223999023,13.75
ABEV3,2020-10-13,13.579999923706055,13.869999885559082,13.569999694824219,19256200,12.189245223999023,13.75
ABEV3,2022-03-18,13.850000381469727,14.25,13.800000190734863,44708300,13.536751747131348,14.25
ABEV3,2023-01-04,14.279999732971191,14.470000267028809,14.079999923706055,23791800,14.25,14.25
ABEV3,2020-11-24,14.720000267028809,15.100000381469727,14.609999656677246,30059900,13.075736999511719,14.75
ABEV3,2022-02-10,14.569999694824219,14.819999694824219,14.409999847412109,31338100,14.011725425720215,14.75
ABEV3,2022-04-22,14.550000190734863,14.979999542236328,14.550000190734863,34086700,14.011725425720215,14.75
ABEV3,2022-04-26,15.039999961853027,15.149999618530273,14.739999771118164,23589700,14.011725425720215,14.75
ABEV3,2022-03-29,14.949999809265137,15.399999618530273,14.869999885559082,38100100,14.486699104309082,15.25
ABEV3,2021-05-10,16.149999618530273,16.649999618530273,16.090000152587891,29355000,15.08540153503418,16.5
ABEV3,2021-06-28,17.170000076293945,17.649999618530273,17.0,41325600,15.999668121337891,17.5
ABEV3,2021-07-23,17.110000610351562,17.1200008392334,16.729999542236328,11774400,15.313969612121582,16.75
ABEV3,2021-11-10,17.829999923706055,18.069999694824219,17.690000534057617,20848100,16.228235244750977,17.75
ABEV3,2021-08-26,17.399999618530273,17.459999084472656,17.059999465942383,22172500,15.643104553222656,17.110000610351562
ABEV3,2020-10-30,12.6899995803833,12.850000381469727,12.180000305175781,46496800,10.797456741333008,12.180000305175781
ABEV3,2020-08-27,12.699999809265137,12.829999923706055,12.600000381469727,20747000,11.240701675415039,12.680000305175781
ABEV3,2020-08-05,13.600000381469727,13.649999618530273,13.050000190734863,47510100,11.68394660949707,13.180000305175781
ABEV3,2022-03-11,13.5,13.5600004196167,13.0600004196167,23133200,12.520308494567871,13.180000305175781
ABEV3,2023-02-01,13.640000343322754,13.729999542236328,12.850000381469727,136662100,13.180000305175781,13.180000305175781
ABEV3,2020-06-18,13.720000267028809,13.970000267028809,13.520000457763672,26894400,12.127192497253418,13.680000305175781
ABEV3,2020-06-24,13.840000152587891,13.899999618530273,13.430000305175781,16263500,12.127192497253418,13.680000305175781
ABEV3,2020-10-08,13.609999656677246,13.779999732971191,13.430000305175781,43108600,12.127192497253418,13.680000305175781
ABEV3,2022-07-04,13.720000267028809,13.8100004196167,13.609999656677246,7157000,12.995282173156738,13.680000305175781
ABEV3,2020-06-25,13.800000190734863,14.270000457763672,13.760000228881836,25008900,12.570437431335449,14.180000305175781
ABEV3,2022-03-03,14.510000228881836,14.510000228881836,14.050000190734863,42098400,13.470255851745605,14.180000305175781
ABEV3,2022-03-21,14.0600004196167,14.359999656677246,14.0600004196167,15295600,13.470255851745605,14.180000305175781
ABEV3,2020-07-21,14.180000305175781,14.6899995803833,14.020000457763672,41081700,13.01368236541748,14.680000305175781
ABEV3,2020-12-01,14.090000152587891,14.739999771118164,14.079999923706055,26702100,13.01368236541748,14.680000305175781
ABEV3,2021-02-24,14.699999809265137,14.789999961853027,14.5,16385700,13.42143726348877,14.680000305175781
ABEV3,2022-01-11,14.609999656677246,14.729999542236328,14.449999809265137,20485500,13.945229530334473,14.680000305175781
ABEV3,2022-04-27,14.890000343322754,14.909999847412109,14.640000343322754,19261700,13.945229530334473,14.680000305175781
ABEV3,2022-07-25,14.529999732971191,14.779999732971191,14.449999809265137,14348000,13.945229530334473,14.680000305175781
ABEV3,2022-08-04,14.75,14.800000190734863,14.399999618530273,22962500,13.945229530334473,14.680000305175781
ABEV3,2021-10-05,15.069999694824219,15.329999923706055,14.880000114440918,22871800,13.878570556640625,15.180000305175781
ABEV3,2022-10-24,15.159999847412109,15.340000152587891,15.020000457763672,19032100,14.42020320892334,15.180000305175781
ABEV3,2021-02-03,15.699999809265137,15.920000076293945,15.619999885559082,17825900,14.335702896118164,15.680000305175781
ABEV3,2022-11-07,16.329999923706055,16.6200008392334,16.309999465942383,32125700,15.541141510009766,16.360000610351562
ABEV3,2021-07-08,17.469999313354492,17.6299991607666,17.270000457763672,17936500,15.871671676635742,17.360000610351562
ABEV3,2021-08-23,17.510000228881836,17.579999923706055,17.219999313354492,17262100,15.871671676635742,17.360000610351562
ABEV3,2021-11-01,17.1299991607666,17.540000915527344,16.969999313354492,39314900,15.871671676635742,17.360000610351562
ABEV3,2021-05-21,17.549999237060547,17.6299991607666,17.229999542236328,27358200,16.100238800048828,17.610000610351562
ABEV3,2021-05-25,17.760000228881836,17.799999237060547,17.530000686645508,13963000,16.100238800048828,17.610000610351562
ABEV3,2021-11-11,17.930000305175781,17.940000534057617,17.600000381469727,24597200,16.100238800048828,17.610000610351562
ABEV3,2020-06-15,13.1899995803833,13.430000305175781,13.069999694824219,22964800,11.905570030212402,13.430000305175781
ABEV3,2022-03-07,13.789999961853027,13.789999961853027,13.220000267028809,49545300,12.757795333862305,13.430000305175781
ABEV3,2020-06-23,14.260000228881836,14.319999694824219,13.800000190734863,16293000,12.348814010620117,13.930000305175781
ABEV3,2022-03-04,14.210000038146973,14.239999771118164,13.819999694824219,26285200,13.232769012451172,13.930000305175781
ABEV3,2022-03-09,13.600000381469727,14.0,13.579999923706055,26552200,13.232769012451172,13.930000305175781
ABEV3,2022-03-17,13.8100004196167,14.020000457763672,13.6899995803833,28381300,13.232769012451172,13.930000305175781
ABEV3,2020-07-24,14.489999771118164,14.960000038146973,14.300000190734863,32629400,13.235305786132812,14.930000305175781
ABEV3,2022-01-28,15.239999771118164,15.319999694824219,14.859999656677246,23251700,14.182716369628906,14.930000305175781
ABEV3,2022-04-08,14.9399995803833,15.130000114440918,14.739999771118164,22202000,14.182716369628906,14.930000305175781
ABEV3,2022-07-29,15.130000114440918,15.229999542236328,14.829999923706055,40541400,14.182716369628906,14.930000305175781
ABEV3,2022-09-01,15.359999656677246,15.699999809265137,15.090000152587891,33540800,14.657690048217773,15.430000305175781
ABEV3,2021-08-02,16.899999618530273,17.170000076293945,16.860000610351562,21537000,15.414538383483887,16.860000610351562
ABEV3,2020-09-14,12.119999885559082,12.579999923706055,12.119999885559082,24419600,11.143186569213867,12.569999694824219
ABEV3,2020-06-12,13.520000457763672,13.720000267028809,13.210000038146973,29856400,12.029677391052246,13.569999694824219
ABEV3,2020-10-09,13.640000343322754,13.930000305175781,13.539999961853027,24268300,12.029677391052246,13.569999694824219
ABEV3,2020-10-22,13.409999847412109,13.569999694824219,13.260000228881836,21189900,12.029677391052246,13.569999694824219
ABEV3,2022-07-13,13.800000190734863,14.670000076293945,13.800000190734863,53045500,13.840734481811523,14.569999694824219
ABEV3,2022-01-25,14.640000343322754,15.090000152587891,14.609999656677246,22283700,14.315708160400391,15.069999694824219
ABEV3,2022-04-05,15.149999618530273,15.279999732971191,15.0600004196167,11607000,14.315708160400391,15.069999694824219
ABEV3,2021-11-19,17.549999237060547,17.719999313354492,17.360000610351562,22010000,15.89909839630127,17.389999389648438
ABEV3,2020-05-28,13.430000305175781,13.520000457763672,12.729999542236328,41520600,11.3648099899292,12.819999694824219
ABEV3,2020-11-04,12.970000267028809,13.130000114440918,12.770000457763672,32125300,11.3648099899292,12.819999694824219
ABEV3,2022-03-14,13.220000267028809,13.460000038146973,13.159999847412109,24625600,12.653300285339355,13.319999694824219
ABEV3,2020-06-09,14.579999923706055,14.579999923706055,14.109999656677246,23940800,12.694545745849609,14.319999694824219
ABEV3,2020-11-27,14.479999542236328,14.600000381469727,14.319999694824219,17499400,12.694545745849609,14.319999694824219
ABEV3,2022-03-25,14.279999732971191,14.350000381469727,13.949999809265137,33591300,13.60324764251709,14.319999694824219
ABEV3,2023-01-06,14.300000190734863,14.359999656677246,14.159999847412109,20889800,14.319999694824219,14.319999694824219
ABEV3,2022-07-26,14.6899995803833,14.880000114440918,14.550000190734863,27532200,14.078221321105957,14.819999694824219
ABEV3,2020-03-06,14.859999656677246,15.5,14.699999809265137,43528300,13.581035614013672,15.319999694824219
ABEV3,2020-12-14,15.579999923706055,15.659999847412109,15.270000457763672,21900800,13.581035614013672,15.319999694824219
ABEV3,2020-02-26,15.949999809265137,16.059999465942383,15.739999771118164,42590700,14.02428150177002,15.819999694824219
ABEV3,2020-12-16,15.600000381469727,15.979999542236328,15.399999618530273,36866900,14.02428150177002,15.819999694824219
ABEV3,2022-08-25,15.949999809265137,16.079999923706055,15.75,10482600,15.028168678283691,15.819999694824219
ABEV3,2021-07-30,17.0,17.340000152587891,16.639999389648438,23889000,15.213398933410645,16.639999389648438
ABEV3,2021-11-09,17.700000762939453,18.090000152587891,17.700000762939453,23812900,16.356231689453125,17.889999389648438
ABEV3,2020-03-16,11.390000343322754,11.770000457763672,10.430000305175781,52067300,9.7779922485351562,11.029999732971191
ABEV3,2020-05-26,12.350000381469727,12.699999809265137,12.300000190734863,30153500,11.107728004455566,12.529999732971191
ABEV3,2020-10-02,12.609999656677246,12.829999923706055,12.529999732971191,19312900,11.107728004455566,12.529999732971191
ABEV3,2022-06-17,12.880000114440918,13.130000114440918,12.8100004196167,38950600,12.377815246582031,13.029999732971191
ABEV3,2020-10-07,13.430000305175781,13.859999656677246,13.399999618530273,36817600,11.994218826293945,13.529999732971191
ABEV3,2022-05-06,13.729999542236328,13.829999923706055,13.529999732971191,21978900,12.852788925170898,13.529999732971191
ABEV3,2023-01-20,13.550000190734863,13.640000343322754,13.369999885559082,33626000,13.529999732971191,13.529999732971191
ABEV3,2023-01-30,13.6899995803833,13.699999809265137,13.4399995803833,32850700,13.529999732971191,13.529999732971191
ABEV3,2022-01-07,14.800000190734863,14.800000190734863,14.449999809265137,19673600,13.802736282348633,14.529999732971191
ABEV3,2021-03-12,14.9399995803833,15.229999542236328,14.930000305175781,17805500,13.741429328918457,15.029999732971191
ABEV3,2021-10-15,15.510000228881836,15.630000114440918,15.359999656677246,19521400,14.198562622070312,15.529999732971191
ABEV3,2021-12-27,15.550000190734863,15.649999618530273,15.479999542236328,8437200,14.752683639526367,15.529999732971191
ABEV3,2020-12-17,15.819999694824219,16.100000381469727,15.699999809265137,58329100,14.237039566040039,16.059999465942383
ABEV3,2021-11-30,16.340000152587891,16.350000381469727,15.970000267028809,54414600,14.683124542236328,16.059999465942383
ABEV3,2021-09-09,16.200000762939453,16.409999847412109,16.010000228881836,26356800,14.911690711975098,16.309999465942383
ABEV3,2021-06-09,19.590000152587891,19.760000228881836,19.280000686645508,25062800,17.654489517211914,19.309999465942383
ABEV3,2020-11-03,12.399999618530273,12.859999656677246,12.350000381469727,40584400,11.329349517822266,12.779999732971191
ABEV3,2022-03-16,13.5,13.850000381469727,13.409999847412109,24980000,13.090275764465332,13.779999732971191
ABEV3,2023-01-18,13.930000305175781,14.0600004196167,13.729999542236328,32154400,13.779999732971191,13.779999732971191
ABEV3,2021-03-04,14.350000381469727,14.829999923706055,14.260000228881836,37825700,13.512863159179688,14.779999732971191
ABEV3,2020-07-27,14.930000305175781,15.390000343322754,14.880000114440918,42001500,13.545577049255371,15.279999732971191
ABEV3,2022-12-13,15.289999961853027,15.590000152587891,15.140000343322754,62286000,14.515196800231934,15.279999732971191
ABEV3,2021-09-03,16.639999389648438,16.760000228881836,16.440000534057617,40771400,15.140256881713867,16.559999465942383
ABEV3,2021-05-19,17.3700008392334,17.600000381469727,17.329999923706055,17538900,16.054525375366211,17.559999465942383
ABEV3,2021-01-13,16.5,16.6200008392334,15.979999542236328,44066900,14.713569641113281,16.170000076293945
ABEV3,2021-12-14,16.020000457763672,16.450000762939453,16.020000457763672,36628700,14.783694267272949,16.170000076293945
ABEV3,2020-08-13,13.550000190734863,13.5600004196167,13.199999809265137,22611700,11.710541725158691,13.210000038146973
ABEV3,2023-02-22,13.050000190734863,13.3100004196167,13.050000190734863,29184000,13.210000038146973,13.210000038146973
ABEV3,2020-08-03,13.9399995803833,13.989999771118164,13.600000381469727,35573500,12.153787612915039,13.710000038146973
ABEV3,2023-01-25,13.550000190734863,13.739999771118164,13.470000267028809,22021000,13.710000038146973,13.710000038146973
ABEV3,2022-05-26,14.039999961853027,14.279999732971191,13.979999542236328,17300400,13.498753547668457,14.210000038146973
ABEV3,2022-05-27,14.180000305175781,14.369999885559082,14.039999961853027,14260900,13.498753547668457,14.210000038146973
ABEV3,2020-07-08,14.5600004196167,14.869999885559082,14.340000152587891,39365200,13.040277481079102,14.710000038146973
ABEV3,2020-07-22,14.649999618530273,15.130000114440918,14.569999694824219,35800700,13.040277481079102,14.710000038146973
ABEV3,2022-02-22,14.4399995803833,14.819999694824219,14.4399995803833,24539400,13.973727226257324,14.710000038146973
ABEV3,2022-04-18,14.619999885559082,14.800000190734863,14.600000381469727,14601500,13.973727226257324,14.710000038146973
ABEV3,2022-04-28,14.710000038146973,14.869999885559082,14.619999885559082,24849700,13.973727226257324,14.710000038146973
ABEV3,2022-08-02,14.5600004196167,14.789999961853027,14.510000228881836,12515800,13.973727226257324,14.710000038146973
ABEV3,2020-11-10,14.109999656677246,15.25,14.100000381469727,88015400,13.483522415161133,15.210000038146973
ABEV3,2021-04-28,15.300000190734863,15.409999847412109,15.180000305175781,11855100,13.905997276306152,15.210000038146973
ABEV3,2022-08-12,15.260000228881836,15.359999656677246,15.079999923706055,17954400,14.448700904846191,15.210000038146973
ABEV3,2021-05-18,17.350000381469727,17.590000152587891,17.260000228881836,15746000,15.92652702331543,17.420000076293945
ABEV3,2023-02-07,13.020000457763672,13.079999923706055,12.890000343322754,22344400,12.960000038146973,12.960000038146973
ABEV3,2020-06-10,14.5,14.520000457763672,13.8100004196167,27039100,12.375409126281738,13.960000038146973
ABEV3,2022-02-03,14.539999961853027,14.619999885559082,14.420000076293945,13206600,13.736240386962891,14.460000038146973
ABEV3,2021-02-09,14.850000381469727,15.140000343322754,14.819999694824219,16168600,13.677431106567383,14.960000038146973
ABEV3,2020-11-17,15.279999732971191,15.6899995803833,15.109999656677246,32058700,13.705145835876465,15.460000038146973
ABEV3,2021-07-27,17.0,17.079999923706055,16.799999237060547,11928000,15.469394683837891,16.920000076293945
ABEV3,2021-07-20,17.030000686645508,17.159999847412109,16.8700008392334,15847800,15.569964408874512,17.030000686645508
ABEV3,2021-07-22,17.139999389648438,17.200000762939453,16.889999389648438,17005900,15.569964408874512,17.030000686645508
ABEV3,2020-05-15,11.6899995803833,11.880000114440918,11.520000457763672,30012000,10.318752288818359,11.640000343322754
ABEV3,2020-05-20,11.970000267028809,12.25,11.859999656677246,14121900,10.761997222900391,12.140000343322754
ABEV3,2023-01-19,13.670000076293945,13.850000381469727,13.550000190734863,51799200,13.640000343322754,13.640000343322754
ABEV3,2020-06-30,14.270000457763672,14.800000190734863,14.109999656677246,34581800,12.534977912902832,14.140000343322754
ABEV3,2020-07-03,14.100000381469727,14.159999847412109,14.020000457763672,7029000,12.534977912902832,14.140000343322754
ABEV3,2022-05-19,14.25,14.3100004196167,13.960000038146973,19551600,13.432257652282715,14.140000343322754
ABEV3,2020-07-09,14.779999732971191,14.859999656677246,14.520000457763672,31569000,12.978222846984863,14.640000343322754
ABEV3,2021-05-04,14.739999771118164,14.800000190734863,14.539999961853027,16889200,13.384865760803223,14.640000343322754
ABEV3,2021-10-19,15.25,15.550000190734863,15.069999694824219,21370000,13.841999053955078,15.140000343322754
ABEV3,2021-10-21,15.0,15.279999732971191,14.850000381469727,23499300,13.841999053955078,15.140000343322754
ABEV3,2021-01-08,16.100000381469727,16.75,16.030000686645508,30188800,15.041145324707031,16.530000686645508
ABEV3,2020-04-03,11.9399995803833,11.9399995803833,11.159999847412109,22886300,10.097128868103027,11.390000343322754
ABEV3,2020-09-15,12.609999656677246,12.960000038146973,12.5,29444700,11.426864624023438,12.890000343322754
ABEV3,2020-10-29,13.5,13.569999694824219,12.619999885559082,79877400,11.426864624023438,12.890000343322754
ABEV3,2020-10-23,13.579999923706055,13.899999618530273,13.510000228881836,25463400,12.313355445861816,13.890000343322754
ABEV3,2021-02-19,14.760000228881836,15.010000228881836,14.659999847412109,25717400,13.613432884216309,14.890000343322754
ABEV3,2022-10-19,14.930000305175781,15.039999961853027,14.779999732971191,31016000,14.144718170166016,14.890000343322754
ABEV3,2021-04-06,15.270000457763672,15.479999542236328,15.159999847412109,12645800,14.070566177368164,15.390000343322754
ABEV3,2021-12-22,15.409999847412109,15.510000228881836,15.25,11675500,14.619691848754883,15.390000343322754
ABEV3,2022-04-01,15.590000152587891,15.670000076293945,15.130000114440918,31411400,14.619691848754883,15.390000343322754
ABEV3,2022-08-30,15.699999809265137,15.729999542236328,15.260000228881836,15374700,14.619691848754883,15.390000343322754
ABEV3,2022-11-11,15.760000228881836,16.200000762939453,15.659999847412109,30034900,15.28465461730957,16.090000152587891
ABEV3,2021-07-26,16.75,17.1299991607666,16.719999313354492,11973200,15.6248197555542,17.090000152587891
ABEV3,2021-06-16,19.139999389648438,19.350000381469727,19.0,36205000,17.453353881835938,19.090000152587891
ABEV3,2020-04-29,11.819999694824219,11.909999847412109,11.649999618530273,27558700,10.345346450805664,11.670000076293945
ABEV3,2020-09-24,12.5,12.829999923706055,12.359999656677246,30902200,11.231837272644043,12.670000076293945
ABEV3,2022-06-21,13.079999923706055,13.3100004196167,12.9399995803833,19966600,12.510807991027832,13.170000076293945
ABEV3,2022-06-24,13.399999618530273,13.770000457763672,13.329999923706055,25329300,12.9857816696167,13.670000076293945
ABEV3,2020-07-02,14.590000152587891,14.720000267028809,14.0,27363800,12.561573028564453,14.170000076293945
ABEV3,2021-03-03,13.9399995803833,14.449999809265137,13.630000114440918,40193500,12.955160140991211,14.170000076293945
ABEV3,2023-01-03,14.159999847412109,14.390000343322754,14.109999656677246,36363800,14.170000076293945,14.170000076293945
ABEV3,2020-03-09,14.649999618530273,14.979999542236328,14.470000267028809,46283500,13.004817962646484,14.670000076293945
ABEV3,2022-03-30,15.260000228881836,15.300000190734863,15.020000457763672,17703300,14.410703659057617,15.170000076293945
ABEV3,2022-08-26,15.890000343322754,15.899999618530273,15.609999656677246,12927600,14.885677337646484,15.670000076293945
ABEV3,2022-09-22,15.710000038146973,15.720000267028809,15.399999618530273,32533500,14.885677337646484,15.670000076293945
ABEV3,2022-11-21,15.779999732971191,15.800000190734863,15.520000457763672,15656100,14.885677337646484,15.670000076293945
ABEV3,2021-11-29,16.770000457763672,16.8799991607666,16.25,25888500,14.939119338989258,16.340000152587891
ABEV3,2021-08-24,17.479999542236328,17.670000076293945,17.350000381469727,18073900,16.081953048706055,17.590000152587891
ABEV3,2021-06-08,19.469999313354492,19.860000610351562,19.3700008392334,23209600,17.910486221313477,19.590000152587891
ABEV3,2020-03-31,12.399999618530273,12.399999618530273,11.850000381469727,27574800,10.56696891784668,11.920000076293945
ABEV3,2023-01-23,13.5600004196167,13.680000305175781,13.359999656677246,29938500,13.420000076293945,13.420000076293945
ABEV3,2020-03-10,14.600000381469727,14.960000038146973,13.739999771118164,52663200,12.783195495605469,14.420000076293945
ABEV3,2020-11-26,14.390000343322754,14.590000152587891,14.350000381469727,10458000,12.783195495605469,14.420000076293945
ABEV3,2022-12-22,14.390000343322754,14.539999961853027,14.279999732971191,24158300,14.420000076293945,14.420000076293945
ABEV3,2022-10-17,14.920000076293945,15.0600004196167,14.770000457763672,11542800,14.173216819763184,14.920000076293945
ABEV3,2020-12-21,15.649999618530273,15.789999961853027,15.3100004196167,24879600,14.031122207641602,15.420000076293945
ABEV3,2021-03-17,15.020000457763672,15.460000038146973,14.8100004196167,23843400,14.097993850708008,15.420000076293945
ABEV3,2021-12-20,15.5,15.550000190734863,15.239999771118164,17585900,14.648190498352051,15.420000076293945
ABEV3,2021-12-30,15.579999923706055,15.590000152587891,15.390000343322754,11819300,14.648190498352051,15.420000076293945
ABEV3,2022-08-15,15.130000114440918,15.5,15.0600004196167,21276600,14.648190498352051,15.420000076293945
ABEV3,2022-08-22,15.710000038146973,15.770000457763672,15.340000152587891,18162300,14.648190498352051,15.420000076293945
ABEV3,2022-10-07,15.960000038146973,16.040000915527344,15.300000190734863,40213400,14.648190498352051,15.420000076293945
ABEV3,2022-11-30,15.760000228881836,16.0,15.659999847412109,32952700,15.123164176940918,15.920000076293945
ABEV3,2020-04-17,11.699999809265137,11.800000190734863,11.489999771118164,16763000,10.283290863037109,11.600000381469727
ABEV3,2020-04-09,12.510000228881836,12.720000267028809,12.100000381469727,23748200,10.726537704467773,12.100000381469727
ABEV3,2020-04-13,12.109999656677246,12.239999771118164,11.899999618530273,17076200,10.726537704467773,12.100000381469727
ABEV3,2020-05-18,11.989999771118164,12.409999847412109,11.859999656677246,30350600,10.726537704467773,12.100000381469727
ABEV3,2020-06-01,12.319999694824219,12.800000190734863,12.260000228881836,20420100,11.169782638549805,12.600000381469727
ABEV3,2020-09-03,12.710000038146973,13.090000152587891,12.5,37438600,11.169782638549805,12.600000381469727
ABEV3,2020-09-04,12.6899995803833,12.720000267028809,12.409999847412109,22149500,11.169782638549805,12.600000381469727
ABEV3,2022-07-11,14.210000038146973,14.340000152587891,14.029999732971191,11484300,13.394259452819824,14.100000381469727
ABEV3,2023-01-12,13.800000190734863,14.170000076293945,13.659999847412109,69959500,14.100000381469727,14.100000381469727
ABEV3,2020-06-08,14.340000152587891,14.829999923706055,14.229999542236328,47678900,12.942763328552246,14.600000381469727
ABEV3,2022-08-05,14.729999542236328,14.9399995803833,14.569999694824219,20809900,13.869233131408691,14.600000381469727
ABEV3,2021-10-06,15.050000190734863,15.390000343322754,15.020000457763672,36830600,13.805429458618164,15.100000381469727
ABEV3,2022-01-14,14.979999542236328,15.210000038146973,14.899999618530273,14544400,14.344206809997559,15.100000381469727
ABEV3,2022-07-28,15.4399995803833,15.800000190734863,14.729999542236328,70122600,14.344206809997559,15.100000381469727
ABEV3,2022-10-26,14.800000190734863,15.149999618530273,14.600000381469727,33679000,14.344206809997559,15.100000381469727
ABEV3,2021-02-01,15.359999656677246,15.699999809265137,15.220000267028809,22235900,14.262561798095703,15.600000381469727
ABEV3,2021-02-04,15.590000152587891,15.779999732971191,15.449999809265137,12952800,14.262561798095703,15.600000381469727
ABEV3,2021-03-19,15.350000381469727,15.630000114440918,15.279999732971191,32656900,14.262561798095703,15.600000381469727
ABEV3,2021-07-01,16.860000610351562,17.319999694824219,16.819999694824219,39119700,15.72538948059082,17.200000762939453
ABEV3,2021-07-21,17.069999694824219,17.219999313354492,16.959999084472656,13985700,15.72538948059082,17.200000762939453
ABEV3,2021-11-23,17.319999694824219,17.450000762939453,17.090000152587891,29394600,15.72538948059082,17.200000762939453
ABEV3,2022-11-04,16.170000076293945,16.559999465942383,16.040000915527344,30212300,15.626636505126953,16.450000762939453
ABEV3,2020-09-08,12.550000190734863,12.550000190734863,12.319999694824219,20712000,10.948160171508789,12.350000381469727
ABEV3,2020-09-09,12.409999847412109,12.470000267028809,12.170000076293945,17716100,10.948160171508789,12.350000381469727
ABEV3,2020-09-29,12.460000038146973,12.6899995803833,12.279999732971191,25217400,10.948160171508789,12.350000381469727
ABEV3,2020-08-17,13.210000038146973,13.380000114440918,12.75,33507900,11.39140510559082,12.850000381469727
ABEV3,2020-08-19,13.079999923706055,13.199999809265137,12.800000190734863,15809100,11.39140510559082,12.850000381469727
ABEV3,2022-12-21,14.569999694824219,14.710000038146973,14.3100004196167,40218600,14.350000381469727,14.350000381469727
ABEV3,2020-07-10,14.619999885559082,14.989999771118164,14.550000190734863,20193200,13.164386749267578,14.850000381469727
ABEV3,2022-02-01,14.9399995803833,15.130000114440918,14.789999961853027,14112500,14.106719970703125,14.850000381469727
ABEV3,2022-02-17,15.090000152587891,15.109999656677246,14.710000038146973,19881500,14.106719970703125,14.850000381469727
ABEV3,2022-12-16,14.989999771118164,15.140000343322754,14.789999961853027,44559500,14.106719970703125,14.850000381469727
ABEV3,2021-04-23,15.979999542236328,16.049999237060547,15.819999694824219,22545200,14.491128921508789,15.850000381469727
ABEV3,2021-10-28,16.409999847412109,16.8700008392334,16.170000076293945,91395500,15.268255233764648,16.700000762939453
ABEV3,2021-06-25,17.829999923706055,18.0,16.950000762939453,66198100,15.496822357177734,16.950000762939453
ABEV3,2021-05-31,17.739999771118164,17.950000762939453,17.709999084472656,10102100,16.411088943481445,17.950000762939453
ABEV3,2021-06-24,18.100000381469727,18.100000381469727,17.719999313354492,21592700,16.411088943481445,17.950000762939453
ABEV3,2021-11-25,17.090000152587891,17.319999694824219,17.0,12150300,15.752816200256348,17.229999542236328
ABEV3,2020-05-14,11.300000190734863,11.819999694824219,11.279999732971191,36918000,10.407400131225586,11.739999771118164
ABEV3,2020-05-22,11.899999618530273,11.989999771118164,11.670000076293945,11924400,10.407400131225586,11.739999771118164
ABEV3,2020-08-10,13.380000114440918,13.510000228881836,13.050000190734863,28095600,11.737136840820312,13.239999771118164
ABEV3,2023-01-26,13.699999809265137,13.850000381469727,13.529999732971191,22793400,13.739999771118164,13.739999771118164
ABEV3,2022-05-03,14.449999809265137,14.699999809265137,14.159999847412109,21493900,13.527252197265625,14.239999771118164
ABEV3,2020-03-03,14.75,15.119999885559082,14.659999847412109,26696400,13.066871643066406,14.739999771118164
ABEV3,2020-12-04,14.739999771118164,14.8100004196167,14.5600004196167,18361200,13.066871643066406,14.739999771118164
ABEV3,2022-03-28,14.430000305175781,14.75,14.380000114440918,19531800,14.002225875854492,14.739999771118164
ABEV3,2022-08-09,14.840000152587891,14.869999885559082,14.619999885559082,13704000,14.002225875854492,14.739999771118164
ABEV3,2021-10-11,15.3100004196167,15.569999694824219,15.149999618530273,20540600,13.933425903320312,15.239999771118164
ABEV3,2022-12-12,15.479999542236328,15.479999542236328,15.079999923706055,31800600,14.477199554443359,15.239999771118164
ABEV3,2021-09-17,16.180000305175781,16.180000305175781,15.350000381469727,53864700,14.390559196472168,15.739999771118164
ABEV3,2022-11-09,16.610000610351562,16.8799991607666,16.420000076293945,27623800,15.655134201049805,16.479999542236328
ABEV3,2021-06-14,19.030000686645508,19.5,18.989999771118164,22185300,17.809917449951172,19.479999542236328
ABEV3,2021-06-21,18.700000762939453,18.8799991607666,18.559999465942383,13009100,17.124216079711914,18.729999542236328
ABEV3,2020-04-02,11.680000305175781,12.239999771118164,11.470000267028809,18013700,10.629023551940918,11.989999771118164
ABEV3,2020-03-27,12.510000228881836,13.220000267028809,11.979999542236328,38232500,11.072268486022949,12.489999771118164
ABEV3,2021-03-02,13.510000228881836,14.170000076293945,13.350000381469727,42904000,12.790592193603516,13.989999771118164
ABEV3,2020-11-25,14.75,14.75,14.479999542236328,19138400,12.845249176025391,14.489999771118164
ABEV3,2022-01-20,14.619999885559082,14.630000114440918,14.430000305175781,30618200,13.764739036560059,14.489999771118164
ABEV3,2022-07-18,14.600000381469727,14.720000267028809,14.409999847412109,16582000,13.764739036560059,14.489999771118164
ABEV3,2021-03-25,14.739999771118164,15.119999885559082,14.710000038146973,21553400,13.704858779907227,14.989999771118164
ABEV3,2022-01-13,14.869999885559082,15.050000190734863,14.760000228881836,20755600,14.239712715148926,14.989999771118164
ABEV3,2022-10-11,15.180000305175781,15.270000457763672,14.9399995803833,30204200,14.239712715148926,14.989999771118164
ABEV3,2021-09-29,15.539999961853027,15.779999732971191,15.420000076293945,37200600,14.161992073059082,15.489999771118164
ABEV3,2021-10-14,15.539999961853027,15.600000381469727,15.380000114440918,11517700,14.161992073059082,15.489999771118164
ABEV3,2022-11-10,16.159999847412109,16.479999542236328,15.869999885559082,56534200,15.18966007232666,15.989999771118164
ABEV3,2022-10-06,16.25,16.260000228881836,15.979999542236328,28042900,15.34165096282959,16.149999618530273
ABEV3,2020-03-19,10.819999694824219,12.159999847412109,10.359999656677246,53157300,10.371939659118652,11.699999809265137
ABEV3,2020-04-28,11.9399995803833,12.180000305175781,11.579999923706055,27108700,10.371939659118652,11.699999809265137
ABEV3,2020-03-13,12.600000381469727,13.090000152587891,11.640000343322754,51339000,11.258430480957031,12.699999809265137
ABEV3,2020-08-26,12.739999771118164,12.9399995803833,12.489999771118164,29757700,11.258430480957031,12.699999809265137
ABEV3,2020-10-01,12.550000190734863,12.779999732971191,12.479999542236328,20845400,11.258430480957031,12.699999809265137
ABEV3,2023-01-16,13.720000267028809,13.739999771118164,13.180000305175781,58837000,13.199999809265137,13.199999809265137
ABEV3,2023-02-17,13.039999961853027,13.25,13.010000228881836,13404000,13.199999809265137,13.199999809265137
ABEV3,2020-10-26,13.859999656677246,14.409999847412109,13.859999656677246,35347700,12.588167190551758,14.199999809265137
ABEV3,2021-02-25,14.680000305175781,14.75,14.180000305175781,33159300,12.982587814331055,14.199999809265137
ABEV3,2022-03-24,14.199999809265137,14.359999656677246,14.0600004196167,26157200,13.489253997802734,14.199999809265137
ABEV3,2020-12-03,14.739999771118164,14.859999656677246,14.300000190734863,32918200,13.031412124633789,14.699999809265137
ABEV3,2022-01-24,14.789999961853027,15.050000190734863,14.609999656677246,29992000,13.964227676391602,14.699999809265137
ABEV3,2022-04-14,14.840000152587891,14.909999847412109,14.460000038146973,28820100,13.964227676391602,14.699999809265137
ABEV3,2022-02-25,14.680000305175781,15.329999923706055,14.680000305175781,42942500,14.439201354980469,15.199999809265137
ABEV3,2022-04-11,14.819999694824219,15.4399995803833,14.739999771118164,27193900,14.439201354980469,15.199999809265137
ABEV3,2022-10-10,15.460000038146973,15.470000267028809,15.0600004196167,29475700,14.439201354980469,15.199999809265137
ABEV3,2022-09-12,15.789999961853027,15.800000190734863,15.579999923706055,18048600,14.914175033569336,15.699999809265137
ABEV3,2022-12-08,15.949999809265137,15.960000038146973,15.609999656677246,34785200,14.914175033569336,15.699999809265137
ABEV3,2021-08-16,16.530000686645508,16.700000762939453,16.329999923706055,18371000,14.993974685668945,16.399999618530273
ABEV3,2021-05-17,17.229999542236328,17.530000686645508,17.100000381469727,16843500,15.908241271972656,17.399999618530273
ABEV3,2021-08-13,16.590000152587891,16.659999847412109,16.299999237060547,16218300,15.222541809082031,16.649999618530273
ABEV3,2020-04-16,11.960000038146973,12.020000457763672,11.399999618530273,26018500,10.150318145751953,11.449999809265137
ABEV3,2020-06-26,14.109999656677246,14.289999961853027,13.829999923706055,19150700,12.366544723510742,13.949999809265137
ABEV3,2022-05-11,13.720000267028809,14.159999847412109,13.640000343322754,29961100,13.2517671585083,13.949999809265137
ABEV3,2020-07-07,14.279999732971191,14.5,14.159999847412109,22581000,12.809788703918457,14.449999809265137
ABEV3,2022-02-21,14.829999923706055,14.850000381469727,14.449999809265137,12423900,13.726740837097168,14.449999809265137
ABEV3,2021-02-11,15.119999885559082,15.220000267028809,14.829999923706055,17224700,13.668288230895996,14.949999809265137
ABEV3,2022-04-06,15.029999732971191,15.090000152587891,14.8100004196167,15442400,14.201714515686035,14.949999809265137
ABEV3,2021-04-08,15.199999809265137,15.670000076293945,15.140000343322754,19194000,14.125421524047852,15.449999809265137
ABEV3,2021-12-29,15.550000190734863,15.5600004196167,15.340000152587891,8847300,14.676688194274902,15.449999809265137
ABEV3,2020-12-29,15.899999618530273,16.010000228881836,15.779999732971191,13638800,14.513385772705078,15.949999809265137
ABEV3,2021-01-15,16.020000457763672,16.270000457763672,15.930000305175781,27742000,14.582554817199707,15.949999809265137
ABEV3,2021-12-10,16.25,16.280000686645508,15.869999885559082,15656500,14.582554817199707,15.949999809265137
ABEV3,2022-11-14,16.329999923706055,16.3799991607666,15.779999732971191,20762300,15.15166187286377,15.949999809265137
ABEV3,2021-11-05,17.979999542236328,18.1200008392334,17.829999923706055,19208500,16.365375518798828,17.899999618530273
ABEV3,2021-12-02,15.989999771118164,16.180000305175781,15.729999542236328,33321600,14.637411117553711,16.010000228881836
ABEV3,2021-12-13,16.049999237060547,16.180000305175781,15.899999618530273,29400400,14.637411117553711,16.010000228881836
ABEV3,2021-07-19,17.239999771118164,17.299999237060547,16.899999618530273,21998300,15.551677703857422,17.010000228881836
ABEV3,2021-06-17,19.110000610351562,19.520000457763672,18.819999694824219,22474800,17.380210876464844,19.010000228881836
ABEV3,2023-02-13,12.859999656677246,13.170000076293945,12.850000381469727,16722700,13.130000114440918,13.130000114440918
ABEV3,2022-05-24,14.0,14.1899995803833,13.850000381469727,21853400,13.422758102416992,14.130000114440918
ABEV3,2022-08-01,14.859999656677246,14.890000343322754,14.430000305175781,34565900,13.897731781005859,14.630000114440918
ABEV3,2022-08-03,14.729999542236328,14.819999694824219,14.399999618530273,19576600,13.897731781005859,14.630000114440918
ABEV3,2022-08-11,15.3100004196167,15.3100004196167,15.0600004196167,11619800,14.372705459594727,15.130000114440918
ABEV3,2022-12-14,15.1899995803833,15.220000267028809,14.720000267028809,74145500,14.372705459594727,15.130000114440918
ABEV3,2021-04-13,15.5,15.739999771118164,15.369999885559082,19448300,14.289990425109863,15.630000114440918
ABEV3,2021-01-14,16.1200008392334,16.430000305175781,16.049999237060547,17183300,14.865978240966797,16.260000228881836
ABEV3,2021-09-01,17.159999847412109,17.3799991607666,17.040000915527344,17593400,15.780244827270508,17.260000228881836
ABEV3,2021-11-12,17.600000381469727,17.920000076293945,17.350000381469727,39208600,16.008811950683594,17.510000228881836
ABEV3,2021-11-16,17.6200008392334,17.690000534057617,17.440000534057617,21469300,16.008811950683594,17.510000228881836
ABEV3,2020-05-21,12.140000343322754,12.350000381469727,11.739999771118164,38005800,10.531508445739746,11.880000114440918
ABEV3,2020-08-20,12.670000076293945,13.039999961853027,12.579999923706055,21512900,11.417999267578125,12.880000114440918
ABEV3,2020-05-27,12.680000305175781,13.460000038146973,12.640000343322754,36754400,11.861244201660156,13.380000114440918
ABEV3,2020-06-04,13.300000190734863,13.479999542236328,13.180000305175781,20130800,11.861244201660156,13.380000114440918
ABEV3,2020-10-20,13.359999656677246,13.4399995803833,13.210000038146973,20035400,11.861244201660156,13.380000114440918
ABEV3,2022-03-10,13.770000457763672,13.789999961853027,13.239999771118164,37910700,12.710297584533691,13.380000114440918
ABEV3,2023-01-13,14.0,14.050000190734863,13.770000457763672,44291300,13.880000114440918,13.880000114440918
ABEV3,2022-03-22,14.319999694824219,14.5,14.210000038146973,20799800,13.660244941711426,14.380000114440918
ABEV3,2020-12-02,14.609999656677246,14.930000305175781,14.479999542236328,18287100,13.190980911254883,14.880000114440918
ABEV3,2022-01-12,14.640000343322754,15.029999732971191,14.5600004196167,31912000,14.135218620300293,14.880000114440918
ABEV3,2022-02-15,15.109999656677246,15.699999809265137,15.109999656677246,50177400,14.61019229888916,15.380000114440918
ABEV3,2022-09-14,15.590000152587891,15.590000152587891,15.270000457763672,17680200,14.61019229888916,15.380000114440918
ABEV3,2021-09-23,15.800000190734863,15.979999542236328,15.670000076293945,21550900,14.518556594848633,15.880000114440918
ABEV3,2021-06-18,18.920000076293945,19.090000152587891,18.639999389648438,27084500,17.151643753051758,18.760000228881836
ABEV3,2020-09-16,12.920000076293945,12.9399995803833,12.550000190734863,18729400,11.134323120117188,12.5600004196167
ABEV3,2022-06-15,13.350000381469727,13.350000381469727,13.010000228881836,28421400,12.406314849853516,13.0600004196167
ABEV3,2022-07-21,14.239999771118164,14.590000152587891,14.180000305175781,25407300,13.831235885620117,14.5600004196167
ABEV3,2022-02-14,14.979999542236328,15.090000152587891,14.829999923706055,33362000,14.306209564208984,15.0600004196167
ABEV3,2022-04-07,14.930000305175781,15.140000343322754,14.819999694824219,21276300,14.306209564208984,15.0600004196167
ABEV3,2020-12-15,15.319999694824219,15.840000152587891,15.319999694824219,19882900,13.793793678283691,15.5600004196167
ABEV3,2022-09-06,15.4399995803833,15.659999847412109,15.390000343322754,20160400,14.781183242797852,15.5600004196167
ABEV3,2022-10-27,15.25,15.760000228881836,15.210000038146973,51627700,14.781183242797852,15.5600004196167
ABEV3,2022-10-05,16.309999465942383,16.329999923706055,15.949999809265137,38105500,15.313154220581055,16.1200008392334
ABEV3,2021-06-02,18.770000457763672,19.659999847412109,18.6200008392334,60424800,17.709348678588867,19.3700008392334
ABEV3,2020-04-08,12.5,12.680000305175781,12.020000457763672,22934300,10.912700653076172,12.3100004196167
ABEV3,2020-08-31,12.659999847412109,12.6899995803833,12.3100004196167,38488000,10.912700653076172,12.3100004196167
ABEV3,2020-09-10,12.319999694824219,12.619999885559082,12.25,30209800,10.912700653076172,12.3100004196167
ABEV3,2020-10-05,12.5600004196167,12.840000152587891,12.539999961853027,17239400,11.355945587158203,12.8100004196167
ABEV3,2020-08-07,13.1899995803833,13.529999732971191,13.079999923706055,44280200,11.799190521240234,13.3100004196167
ABEV3,2022-07-08,14.239999771118164,14.359999656677246,14.119999885559082,13974800,13.593749046325684,14.3100004196167
ABEV3,2022-02-23,14.619999885559082,15.260000228881836,14.590000152587891,30107000,14.068722724914551,14.8100004196167
ABEV3,2020-03-04,15.069999694824219,15.550000190734863,14.770000457763672,35799500,13.572172164916992,15.3100004196167
ABEV3,2022-01-04,15.319999694824219,15.399999618530273,15.039999961853027,16357700,14.543696403503418,15.3100004196167
ABEV3,2022-10-21,14.989999771118164,15.350000381469727,14.949999809265137,36933200,14.543696403503418,15.3100004196167
ABEV3,2021-01-05,15.369999885559082,16.020000457763672,15.229999542236328,37105800,14.385995864868164,15.8100004196167
ABEV3,2021-04-14,15.640000343322754,15.899999618530273,15.619999885559082,21466700,14.454558372497559,15.8100004196167
ABEV3,2021-12-09,16.100000381469727,16.110000610351562,15.6899995803833,19725400,14.454558372497559,15.8100004196167
ABEV3,2021-08-05,16.799999237060547,16.920000076293945,16.590000152587891,18203900,15.195114135742188,16.6200008392334
ABEV3,2021-07-15,17.950000762939453,17.950000762939453,17.459999084472656,23006300,16.1093807220459,17.6200008392334
ABEV3,2021-05-11,16.350000381469727,17.0,16.25,25719300,15.423680305480957,16.8700008392334
ABEV3,2021-05-12,16.649999618530273,17.229999542236328,16.649999618530273,35518800,15.423680305480957,16.8700008392334
ABEV3,2020-04-14,12.289999961853027,12.590000152587891,12.090000152587891,21281900,10.717672348022461,12.090000152587891
ABEV3,2022-06-10,13.550000190734863,13.670000076293945,13.270000457763672,29186500,12.909786224365234,13.590000152587891
ABEV3,2022-05-30,14.300000190734863,14.380000114440918,14.010000228881836,7925000,13.384759902954102,14.090000152587891
ABEV3,2022-07-05,13.619999885559082,14.140000343322754,13.520000457763672,26056900,13.384759902954102,14.090000152587891
ABEV3,2022-07-15,14.8100004196167,14.880000114440918,14.569999694824219,25341500,13.859733581542969,14.590000152587891
ABEV3,2020-07-28,15.1899995803833,15.409999847412109,15.029999732971191,44883300,13.377143859863281,15.090000152587891
ABEV3,2021-03-11,15.369999885559082,15.600000381469727,15.029999732971191,19424400,13.796286582946777,15.090000152587891
ABEV3,2021-03-30,15.130000114440918,15.729999542236328,15.079999923706055,15332100,14.253418922424316,15.590000152587891
ABEV3,2021-04-26,15.600000381469727,15.850000381469727,15.479999542236328,19142000,14.253418922424316,15.590000152587891
ABEV3,2022-09-13,15.600000381469727,15.880000114440918,15.489999771118164,27453000,14.809680938720703,15.590000152587891
ABEV3,2021-05-06,15.840000152587891,16.290000915527344,15.720000267028809,73311200,14.792837142944336,16.180000305175781
ABEV3,2021-05-14,17.100000381469727,17.329999923706055,17.059999465942383,20899500,15.707103729248047,17.180000305175781
ABEV3,2021-08-30,16.959999084472656,17.229999542236328,16.809999465942383,16781900,15.707103729248047,17.180000305175781
ABEV3,2021-07-02,17.389999389648438,17.6299991607666,17.25,24241600,15.935670852661133,17.430000305175781
ABEV3,2021-07-16,17.729999542236328,17.780000686645508,17.430000305175781,23216000,15.935670852661133,17.430000305175781
ABEV3,2020-04-30,11.529999732971191,11.680000305175781,11.25,35747500,10.052803993225098,11.340000152587891
ABEV3,2020-09-25,12.649999618530273,12.909999847412109,12.5,26495500,11.382539749145508,12.840000152587891
ABEV3,2020-10-06,12.930000305175781,13.699999809265137,12.890000343322754,55433200,11.825784683227539,13.340000152587891
ABEV3,2020-06-19,13.899999618530273,14.0,13.699999809265137,33153700,12.26902961730957,13.840000152587891
ABEV3,2022-05-04,14.119999885559082,14.420000076293945,14.010000228881836,23653200,13.622246742248535,14.340000152587891
ABEV3,2020-11-18,15.479999542236328,15.539999961853027,14.8100004196167,31701300,13.155521392822266,14.840000152587891
ABEV3,2022-02-24,14.239999771118164,14.840000152587891,13.800000190734863,59579000,14.097220420837402,14.840000152587891
ABEV3,2022-07-14,14.380000114440918,14.960000038146973,14.369999885559082,42313700,14.097220420837402,14.840000152587891
ABEV3,2021-09-24,15.619999885559082,15.909999847412109,15.609999656677246,16219600,14.481986045837402,15.840000152587891
ABEV3,2023-02-06,13.039999961853027,13.199999809265137,12.949999809265137,25649000,13.020000457763672,13.020000457763672
ABEV3,2023-02-09,13.149999618530273,13.229999542236328,12.949999809265137,17206200,13.020000457763672,13.020000457763672
ABEV3,2022-06-28,13.710000038146973,13.8100004196167,13.380000114440918,24086500,12.843290328979492,13.520000457763672
ABEV3,2021-02-26,14.210000038146973,14.380000114440918,14.0,33969400,12.818020820617676,14.020000457763672
ABEV3,2022-05-20,14.25,14.289999961853027,13.829999923706055,24557200,13.318264007568359,14.020000457763672
ABEV3,2022-02-02,14.850000381469727,14.9399995803833,14.449999809265137,17975400,13.793237686157227,14.520000457763672
ABEV3,2022-03-02,14.6899995803833,14.979999542236328,14.420000076293945,33189500,13.793237686157227,14.520000457763672
ABEV3,2022-04-29,14.850000381469727,15.0,14.520000457763672,26145100,13.793237686157227,14.520000457763672
ABEV3,2022-12-20,14.409999847412109,14.680000305175781,14.25,23944700,14.520000457763672,14.520000457763672
ABEV3,2022-12-26,14.569999694824219,14.640000343322754,14.449999809265137,4149300,14.520000457763672,14.520000457763672
ABEV3,2022-12-27,14.600000381469727,14.659999847412109,14.420000076293945,13135400,14.520000457763672,14.520000457763672
ABEV3,2022-12-29,14.670000076293945,14.670000076293945,14.430000305175781,22326300,14.520000457763672,14.520000457763672
ABEV3,2021-02-05,15.680000305175781,15.819999694824219,15.510000228881836,11336800,14.189420700073242,15.520000457763672
ABEV3,2021-12-28,15.539999961853027,15.569999694824219,15.399999618530273,7701300,14.743185043334961,15.520000457763672
ABEV3,2022-11-24,15.890000343322754,16.209999084472656,15.75,14019000,15.23715877532959,16.040000915527344
ABEV3,2021-08-27,17.180000305175781,17.180000305175781,16.909999847412109,16973500,15.579107284545898,17.040000915527344
ABEV3,2021-06-29,17.350000381469727,17.5,16.899999618530273,46943000,15.807672500610352,17.290000915527344
ABEV3,2021-06-22,18.569999694824219,18.670000076293945,18.069999694824219,32543400,16.721940994262695,18.290000915527344
ABEV3,2020-05-25,12.010000228881836,12.390000343322754,12.010000228881836,12781100,10.877241134643555,12.270000457763672
ABEV3,2020-10-16,13.470000267028809,13.470000267028809,13.180000305175781,26454900,11.763731002807617,13.270000457763672
ABEV3,2020-06-17,13.4399995803833,14.0,13.409999847412109,28294300,12.206976890563965,13.770000457763672
ABEV3,2021-03-01,14.159999847412109,14.279999732971191,13.770000457763672,19850200,12.58945369720459,13.770000457763672
ABEV3,2022-01-06,15.039999961853027,15.0600004196167,14.659999847412109,20406300,14.03072452545166,14.770000457763672
ABEV3,2022-02-18,14.970000267028809,14.989999771118164,14.739999771118164,11741300,14.03072452545166,14.770000457763672
ABEV3,2021-02-17,15.180000305175781,15.399999618530273,15.010000228881836,30687100,13.960853576660156,15.270000457763672
ABEV3,2021-03-10,15.229999542236328,15.3100004196167,14.829999923706055,37414300,13.960853576660156,15.270000457763672
ABEV3,2021-04-05,15.130000114440918,15.390000343322754,15.100000381469727,20988000,13.960853576660156,15.270000457763672
ABEV3,2021-10-01,15.409999847412109,15.460000038146973,15.050000190734863,24130000,13.960853576660156,15.270000457763672
ABEV3,2021-10-25,15.010000228881836,15.4399995803833,15.0,19933100,13.960853576660156,15.270000457763672
ABEV3,2022-08-31,15.420000076293945,15.619999885559082,15.270000457763672,22741700,14.505698204040527,15.270000457763672
ABEV3,2022-09-16,15.239999771118164,15.399999618530273,15.140000343322754,47764700,14.505698204040527,15.270000457763672
ABEV3,2022-09-26,15.359999656677246,15.489999771118164,15.170000076293945,25475400,14.505698204040527,15.270000457763672
ABEV3,2020-12-28,15.569999694824219,15.9399995803833,15.5,11958000,14.34959888458252,15.770000457763672
ABEV3,2022-10-28,15.5600004196167,15.770000457763672,15.479999542236328,29961700,14.980671882629395,15.770000457763672
ABEV3,2022-11-25,16.030000686645508,16.069999694824219,15.6899995803833,16221100,14.980671882629395,15.770000457763672
ABEV3,2021-05-20,17.549999237060547,17.639999389648438,17.3700008392334,21344500,16.036239624023438,17.540000915527344
ABEV3,2021-08-20,16.909999847412109,17.600000381469727,16.909999847412109,34873200,16.036239624023438,17.540000915527344
ABEV3,2021-11-17,17.649999618530273,17.659999847412109,17.329999923706055,18502600,16.036239624023438,17.540000915527344
ABEV3,2021-05-07,16.190000534057617,16.329999923706055,16.0,22279100,14.820263862609863,16.209999084472656
ABEV3,2021-09-08,16.989999771118164,17.010000228881836,16.209999084472656,39304600,14.820263862609863,16.209999084472656
ABEV3,2020-09-21,12.699999809265137,12.800000190734863,12.510000228881836,18966300,11.285025596618652,12.729999542236328
ABEV3,2023-02-15,12.989999771118164,13.369999885559082,12.930000305175781,35211800,13.229999542236328,13.229999542236328
ABEV3,2022-05-05,14.329999923706055,14.329999923706055,13.619999885559082,41147400,13.042778015136719,13.729999542236328
ABEV3,2022-05-10,13.8100004196167,14.029999732971191,13.720000267028809,16310700,13.042778015136719,13.729999542236328
ABEV3,2022-06-07,13.920000076293945,13.970000267028809,13.609999656677246,23888200,13.042778015136719,13.729999542236328
ABEV3,2022-07-06,14.0600004196167,14.390000343322754,14.020000457763672,21918400,13.517751693725586,14.229999542236328
ABEV3,2022-07-07,14.350000381469727,14.380000114440918,14.0,19019700,13.517751693725586,14.229999542236328
ABEV3,2020-11-19,14.899999618530273,15.100000381469727,14.659999847412109,30028900,13.05800724029541,14.729999542236328
ABEV3,2022-04-20,14.699999809265137,15.020000457763672,14.5600004196167,16174800,13.99272632598877,14.729999542236328
ABEV3,2022-05-17,14.840000152587891,14.890000343322754,14.670000076293945,13671500,13.99272632598877,14.729999542236328
ABEV3,2020-03-05,15.039999961853027,15.529999732971191,14.9399995803833,45949800,13.501252174377441,15.229999542236328
ABEV3,2022-12-19,14.979999542236328,15.470000267028809,14.920000076293945,43156700,14.467700004577637,15.229999542236328
ABEV3,2021-04-19,15.539999961853027,16.069999694824219,15.510000228881836,20032500,14.381416320800781,15.729999542236328
ABEV3,2021-08-10,17.149999618530273,17.149999618530273,16.709999084472656,21467500,15.277396202087402,16.709999084472656
ABEV3,2020-05-29,12.8100004196167,12.829999923706055,12.210000038146973,46234500,11.06340217590332,12.479999542236328
ABEV3,2020-09-28,12.970000267028809,12.970000267028809,12.420000076293945,37732800,11.06340217590332,12.479999542236328
ABEV3,2023-02-03,13.069999694824219,13.220000267028809,12.909999847412109,40568400,12.979999542236328,12.979999542236328
ABEV3,2020-08-12,13.529999732971191,13.579999923706055,13.109999656677246,44719600,11.9498929977417,13.479999542236328
ABEV3,2020-11-30,14.420000076293945,14.5,13.979999542236328,41880800,12.393138885498047,13.979999542236328
ABEV3,2022-05-12,13.859999656677246,14.5,13.789999961853027,27076500,13.755239486694336,14.479999542236328
ABEV3,2022-07-19,14.489999771118164,14.760000228881836,14.420000076293945,21362100,13.755239486694336,14.479999542236328
ABEV3,2022-07-27,14.850000381469727,15.100000381469727,14.649999618530273,37333600,14.230213165283203,14.979999542236328
ABEV3,2021-01-04,15.789999961853027,15.850000381469727,15.380000114440918,17835200,14.08571720123291,15.479999542236328
ABEV3,2022-09-02,15.470000267028809,15.739999771118164,15.350000381469727,22400800,14.70518684387207,15.479999542236328
ABEV3,2021-12-17,16.010000228881836,16.25,16.010000228881836,32774400,14.692266464233398,16.069999694824219
ABEV3,2021-06-30,17.149999618530273,17.459999084472656,17.020000457763672,28949400,15.606534004211426,17.069999694824219
ABEV3,2021-08-03,16.840000152587891,17.239999771118164,16.579999923706055,26003800,15.606534004211426,17.069999694824219
ABEV3,2020-09-17,12.520000457763672,13.260000228881836,12.399999618530273,58483500,11.666215896606445,13.159999847412109
ABEV3,2023-01-31,13.619999885559082,13.739999771118164,13.5,35608800,13.659999847412109,13.659999847412109
ABEV3,2020-07-17,14.159999847412109,14.1899995803833,13.819999694824219,49831400,12.552706718444824,14.159999847412109
ABEV3,2022-02-08,14.260000228881836,14.329999923706055,14.109999656677246,20758500,13.451255798339844,14.159999847412109
ABEV3,2020-11-23,14.5600004196167,14.720000267028809,14.289999961853027,23466400,12.995952606201172,14.659999847412109
ABEV3,2021-03-09,14.600000381469727,15.270000457763672,14.529999732971191,31116200,13.860284805297852,15.159999847412109
ABEV3,2021-10-26,15.149999618530273,15.319999694824219,15.050000190734863,20648000,13.860284805297852,15.159999847412109
ABEV3,2022-08-10,14.949999809265137,15.1899995803833,14.75,19048300,14.401203155517578,15.159999847412109
ABEV3,2021-09-21,15.680000305175781,16.0,15.579999923706055,12843400,14.317418098449707,15.659999847412109
ABEV3,2022-08-19,15.890000343322754,16.219999313354492,15.539999961853027,38987700,14.876177787780762,15.659999847412109
ABEV3,2022-11-22,15.699999809265137,15.880000114440918,15.5,31512300,14.876177787780762,15.659999847412109
ABEV3,2021-08-17,16.389999389648438,16.489999771118164,16.110000610351562,26879900,14.920833587646484,16.319999694824219
ABEV3,2021-11-22,17.450000762939453,17.600000381469727,17.260000228881836,26964000,15.835101127624512,17.319999694824219
ABEV3,2021-06-10,19.430000305175781,19.469999313354492,19.090000152587891,17134100,17.663633346557617,19.319999694824219
ABEV3,2021-08-11,16.709999084472656,16.819999694824219,16.459999084472656,17091400,15.149399757385254,16.569999694824219
ABEV3,2020-04-15,11.920000076293945,12.0600004196167,11.720000267028809,35812700,10.558104515075684,11.909999847412109
ABEV3,2020-04-07,12.649999618530273,12.970000267028809,12.300000190734863,37535900,11.001348495483398,12.409999847412109
ABEV3,2020-08-11,13.380000114440918,13.649999618530273,13.300000190734863,40751000,11.887839317321777,13.409999847412109
ABEV3,2020-07-14,14.020000457763672,14.029999732971191,13.659999847412109,36408700,12.331084251403809,13.909999847412109
ABEV3,2022-02-04,14.420000076293945,14.539999961853027,14.170000076293945,18251100,13.688742637634277,14.409999847412109
ABEV3,2022-10-25,15.180000305175781,15.199999809265137,14.829999923706055,26198600,14.163716316223145,14.909999847412109
ABEV3,2021-10-20,15.300000190734863,15.579999923706055,15.210000038146973,19273600,14.088850975036621,15.409999847412109
ABEV3,2022-11-28,15.800000190734863,16.0,15.720000267028809,15172700,15.113664627075195,15.909999847412109
ABEV3,2021-01-06,15.659999847412109,16.229999542236328,15.630000114440918,28371600,14.67717170715332,16.1299991607666
ABEV3,2021-09-16,16.0,16.450000762939453,15.779999732971191,26714500,14.747122764587402,16.1299991607666
ABEV3,2021-07-29,17.219999313354492,17.389999389648438,16.530000686645508,54590700,15.661388397216797,17.1299991607666
ABEV3,2021-06-15,19.450000762939453,19.450000762939453,19.1299991607666,12469400,17.489923477172852,19.1299991607666
ABEV3,2020-03-18,10.729999542236328,11.210000038146973,10.550000190734863,62802600,9.919830322265625,11.1899995803833
ABEV3,2020-03-17,11.050000190734863,11.909999847412109,11.050000190734863,70142000,10.363075256347656,11.6899995803833
ABEV3,2020-04-01,11.600000381469727,11.920000076293945,11.4399995803833,25192600,10.363075256347656,11.6899995803833
ABEV3,2023-02-08,13.039999961853027,13.239999771118164,12.930000305175781,24324300,13.1899995803833,13.1899995803833
ABEV3,2022-05-09,13.399999618530273,13.850000381469727,13.369999885559082,26091800,13.004780769348145,13.6899995803833
ABEV3,2022-03-23,14.3100004196167,14.380000114440918,14.069999694824219,20051100,13.479754447937012,14.1899995803833
ABEV3,2022-05-31,14.170000076293945,14.270000457763672,14.0600004196167,28066600,13.479754447937012,14.1899995803833
ABEV3,2023-01-02,14.399999618530273,14.449999809265137,14.020000457763672,14995900,14.1899995803833,14.1899995803833
ABEV3,2021-02-23,14.659999847412109,14.840000152587891,14.420000076293945,28897400,13.43057918548584,14.6899995803833
ABEV3,2021-03-08,14.789999961853027,15.25,14.630000114440918,40360600,13.43057918548584,14.6899995803833
ABEV3,2022-01-21,14.449999809265137,14.920000076293945,14.409999847412109,28616600,13.954728126525879,14.6899995803833
ABEV3,2022-05-16,14.529999732971191,14.850000381469727,14.409999847412109,16896700,13.954728126525879,14.6899995803833
ABEV3,2022-04-04,15.390000343322754,15.449999809265137,15.079999923706055,21788200,14.429701805114746,15.1899995803833
ABEV3,2020-12-10,15.369999885559082,15.920000076293945,15.359999656677246,144062500,13.909037590026855,15.6899995803833
ABEV3,2021-06-04,19.299999237060547,19.459999084472656,19.059999465942383,33841600,17.718488693237305,19.3799991607666
ABEV3,2021-08-04,16.909999847412109,17.059999465942383,16.590000152587891,20523000,15.204256057739258,16.6299991607666
ABEV3,2021-05-24,17.610000610351562,17.739999771118164,17.440000534057617,13845700,16.118522644042969,17.6299991607666
ABEV3,2020-05-05,11.899999618530273,12.149999618530273,11.840000152587891,25595500,10.584697723388672,11.9399995803833
ABEV3,2020-05-11,12.039999961853027,12.350000381469727,11.920000076293945,20136100,10.584697723388672,11.9399995803833
ABEV3,2020-05-19,12.1899995803833,12.350000381469727,11.9399995803833,17951200,10.584697723388672,11.9399995803833
ABEV3,2020-09-23,12.680000305175781,12.760000228881836,12.4399995803833,27736600,11.02794361114502,12.4399995803833
ABEV3,2020-10-15,13.609999656677246,13.729999542236328,13.4399995803833,17291600,11.914434432983398,13.4399995803833
ABEV3,2022-03-08,13.399999618530273,13.729999542236328,13.279999732971191,35552000,12.767293930053711,13.4399995803833
ABEV3,2021-02-08,15.539999961853027,15.569999694824219,14.869999885559082,35731300,13.659145355224609,14.9399995803833
ABEV3,2021-04-30,15.199999809265137,15.300000190734863,14.909999847412109,29652900,13.659145355224609,14.9399995803833
ABEV3,2021-09-28,15.760000228881836,15.869999885559082,15.359999656677246,17672700,14.116278648376465,15.4399995803833
ABEV3,2022-08-23,15.350000381469727,15.520000457763672,15.289999961853027,14311100,14.66718864440918,15.4399995803833
ABEV3,2022-09-27,15.390000343322754,15.600000381469727,15.25,34504900,14.66718864440918,15.4399995803833
ABEV3,2022-11-16,15.9399995803833,15.989999771118164,15.369999885559082,42516500,14.66718864440918,15.4399995803833
ABEV3,2021-05-13,17.0,17.139999389648438,16.760000228881836,19320300,15.432823181152344,16.8799991607666
ABEV3,2021-11-04,17.819999694824219,17.979999542236328,17.649999618530273,19997300,16.347089767456055,17.8799991607666
ABEV3,2020-04-22,11.649999618530273,11.789999961853027,11.510000228881836,22788300,10.301020622253418,11.619999885559082
ABEV3,2020-07-20,14.109999656677246,14.300000190734863,14.029999732971191,34419700,12.51724910736084,14.119999885559082
ABEV3,2022-06-01,14.140000343322754,14.239999771118164,14.050000190734863,15219000,13.41325855255127,14.119999885559082
ABEV3,2022-06-02,14.289999961853027,14.300000190734863,13.880000114440918,14894700,13.41325855255127,14.119999885559082
ABEV3,2020-11-12,14.899999618530273,15.050000190734863,14.510000228881836,28783200,12.960493087768555,14.619999885559082
ABEV3,2022-12-23,14.5,14.760000228881836,14.460000038146973,30772700,14.619999885559082,14.619999885559082
ABEV3,2022-04-25,14.760000228881836,15.1899995803833,14.630000114440918,34312300,14.363205909729004,15.119999885559082
ABEV3,2021-04-20,15.670000076293945,15.800000190734863,15.529999732971191,12697600,14.28084659576416,15.619999885559082
ABEV3,2021-10-18,15.399999618530273,15.720000267028809,15.300000190734863,16887800,14.28084659576416,15.619999885559082
ABEV3,2022-11-18,15.5600004196167,15.840000152587891,15.420000076293945,40152500,14.838179588317871,15.619999885559082
ABEV3,2022-10-04,16.5,16.5,16.090000152587891,21559300,15.427146911621094,16.239999771118164
ABEV3,2020-10-21,13.319999694824219,13.550000190734863,13.229999542236328,20369800,11.85237979888916,13.369999885559082
ABEV3,2020-10-28,13.449999809265137,13.5600004196167,13.180000305175781,30778700,11.85237979888916,13.369999885559082
ABEV3,2022-09-23,15.399999618530273,15.479999542236328,15.170000076293945,39045900,14.600692749023438,15.369999885559082
ABEV3,2021-04-15,15.789999961853027,16.030000686645508,15.720000267028809,17705700,14.509413719177246,15.869999885559082
ABEV3,2022-11-08,16.260000228881836,16.780000686645508,16.190000534057617,31603000,15.902120590209961,16.739999771118164
ABEV3,2021-11-08,17.819999694824219,18.030000686645508,17.670000076293945,16697000,16.219093322753906,17.739999771118164
ABEV3,2021-10-29,16.729999542236328,17.219999313354492,16.700000762939453,44577500,15.533391952514648,16.989999771118164
ABEV3,2021-06-23,18.1299991607666,18.420000076293945,17.899999618530273,21757300,16.447660446166992,17.989999771118164
ABEV3,2020-04-23,11.729999542236328,11.840000152587891,11.4399995803833,23608700,10.238966941833496,11.550000190734863
ABEV3,2020-03-20,11.899999618530273,12.489999771118164,11.760000228881836,49887100,10.682211875915527,12.050000190734863
ABEV3,2020-03-30,12.600000381469727,13.020000457763672,12.369999885559082,29822100,11.125457763671875,12.550000190734863
ABEV3,2022-06-20,12.989999771118164,13.25,12.880000114440918,13366700,12.396814346313477,13.050000190734863
ABEV3,2020-06-05,13.8100004196167,14.329999923706055,13.619999885559082,50766300,12.455193519592285,14.050000190734863
ABEV3,2020-07-16,14.260000228881836,14.359999656677246,13.859999656677246,23008200,12.455193519592285,14.050000190734863
ABEV3,2022-06-06,14.119999885559082,14.199999809265137,13.960000038146973,13085700,13.346762657165527,14.050000190734863
ABEV3,2020-07-30,15.800000190734863,15.920000076293945,14.529999732971191,108380100,12.898438453674316,14.550000190734863
ABEV3,2022-12-28,14.600000381469727,14.729999542236328,14.520000457763672,15002000,14.550000190734863,14.550000190734863
ABEV3,2020-12-08,14.909999847412109,15.180000305175781,14.760000228881836,23395100,13.341684341430664,15.050000190734863
ABEV3,2021-03-16,15.229999542236328,15.319999694824219,14.909999847412109,16891900,13.75971508026123,15.050000190734863
ABEV3,2022-04-12,15.409999847412109,15.539999961853027,14.979999542236328,24636500,14.296710014343262,15.050000190734863
ABEV3,2021-12-23,15.399999618530273,15.670000076293945,15.340000152587891,10634700,14.771683692932129,15.550000190734863
ABEV3,2022-08-17,15.460000038146973,15.630000114440918,15.350000381469727,27664000,14.771683692932129,15.550000190734863
ABEV3,2022-09-05,15.600000381469727,15.609999656677246,15.4399995803833,9796000,14.771683692932129,15.550000190734863
ABEV3,2022-09-21,15.770000457763672,15.869999885559082,15.470000267028809,24983700,14.771683692932129,15.550000190734863
ABEV3,2021-01-11,16.409999847412109,16.590000152587891,16.049999237060547,23618800,14.649874687194824,16.100000381469727
ABEV3,2021-09-10,16.430000305175781,16.6299991607666,16.100000381469727,23336500,14.719695091247559,16.100000381469727
ABEV3,2021-12-07,16.190000534057617,16.340000152587891,16.049999237060547,27590900,14.719695091247559,16.100000381469727
ABEV3,2021-12-16,16.190000534057617,16.290000915527344,16.020000457763672,21380800,14.719695091247559,16.100000381469727
ABEV3,2021-08-06,16.700000762939453,17.170000076293945,16.659999847412109,18667000,15.63396167755127,17.100000381469727
ABEV3,2021-08-31,17.149999618530273,17.170000076293945,16.809999465942383,28079100,15.63396167755127,17.100000381469727
ABEV3,2021-11-24,17.059999465942383,17.299999237060547,16.979999542236328,18485100,15.63396167755127,17.100000381469727
ABEV3,2021-09-13,16.530000686645508,16.600000381469727,16.280000686645508,14849500,14.948262214660645,16.350000381469727
ABEV3,2020-03-26,11.899999618530273,13.279999732971191,11.890000343322754,45899600,11.347080230712891,12.800000190734863
ABEV3,2020-09-22,12.720000267028809,12.880000114440918,12.569999694824219,13753000,11.347080230712891,12.800000190734863
ABEV3,2022-06-22,13.180000305175781,13.390000343322754,13.0600004196167,16963200,12.63430118560791,13.300000190734863
ABEV3,2020-10-14,13.770000457763672,13.970000267028809,13.760000228881836,23282200,12.23357105255127,13.800000190734863
ABEV3,2022-07-20,14.409999847412109,14.5600004196167,14.109999656677246,48699500,13.584249496459961,14.300000190734863
ABEV3,2021-03-24,15.010000228881836,15.289999961853027,14.760000228881836,25521500,13.531147956848145,14.800000190734863
ABEV3,2021-05-03,14.920000076293945,14.989999771118164,14.609999656677246,25143600,13.531147956848145,14.800000190734863
ABEV3,2022-01-17,15.039999961853027,15.170000076293945,14.789999961853027,21167400,14.059223175048828,14.800000190734863
ABEV3,2022-08-08,14.680000305175781,14.819999694824219,14.510000228881836,16864800,14.059223175048828,14.800000190734863
ABEV3,2021-03-15,14.970000267028809,15.300000190734863,14.949999809265137,11348000,13.988282203674316,15.300000190734863
ABEV3,2021-03-18,15.25,15.4399995803833,15.159999847412109,20329000,13.988282203674316,15.300000190734863
ABEV3,2021-03-29,15.069999694824219,15.369999885559082,15.010000228881836,13766000,13.988282203674316,15.300000190734863
ABEV3,2021-09-30,15.550000190734863,15.569999694824219,15.289999961853027,39267900,13.988282203674316,15.300000190734863
ABEV3,2022-09-15,15.380000114440918,15.4399995803833,15.239999771118164,13293700,14.534196853637695,15.300000190734863
ABEV3,2021-04-16,15.789999961853027,15.960000038146973,15.720000267028809,13563400,14.445415496826172,15.800000190734863
ABEV3,2022-08-24,15.4399995803833,15.890000343322754,15.430000305175781,18054400,15.009170532226562,15.800000190734863
ABEV3,2021-11-18,17.469999313354492,17.739999771118164,17.430000305175781,17200900,16.091096878051758,17.600000381469727
ABEV3,2021-06-07,19.319999694824219,19.819999694824219,19.190000534057617,27901200,17.91963005065918,19.600000381469727
ABEV3,2021-05-28,17.590000152587891,17.940000534057617,17.5,17328000,16.319664001464844,17.850000381469727
ABEV3,2020-03-23,12.279999732971191,12.279999732971191,11.180000305175781,50158000,10.203507423400879,11.510000228881836
ABEV3,2022-07-22,14.539999961853027,14.619999885559082,14.359999656677246,22205400,13.783738136291504,14.510000228881836
ABEV3,2021-02-10,15.0,15.119999885559082,14.880000114440918,25616400,13.72314453125,15.010000228881836
ABEV3,2022-01-05,15.25,15.289999961853027,14.960000038146973,24652000,14.258711814880371,15.010000228881836
ABEV3,2022-10-13,14.819999694824219,15.159999847412109,14.699999809265137,25868700,14.258711814880371,15.010000228881836
ABEV3,2020-12-22,15.5,15.75,15.470000267028809,15406100,14.113016128540039,15.510000228881836
ABEV3,2021-04-12,15.5,15.600000381469727,15.359999656677246,11987600,14.180277824401855,15.510000228881836
ABEV3,2021-10-13,15.199999809265137,15.680000305175781,15.199999809265137,22276300,14.180277824401855,15.510000228881836
ABEV3,2022-12-09,15.779999732971191,15.800000190734863,15.510000228881836,25402800,14.733685493469238,15.510000228881836
ABEV3,2021-01-20,16.319999694824219,16.389999389648438,15.899999618530273,18321500,14.646553993225098,16.020000457763672
ABEV3,2021-09-15,16.459999084472656,16.489999771118164,16.0,20538700,14.646553993225098,16.020000457763672
ABEV3,2022-11-03,15.510000228881836,16.040000915527344,15.460000038146973,26575500,15.218158721923828,16.020000457763672
ABEV3,2022-12-05,16.030000686645508,16.200000762939453,15.970000267028809,22919200,15.218158721923828,16.020000457763672
ABEV3,2021-01-19,16.290000915527344,16.340000152587891,15.979999542236328,16980100,14.875121116638184,16.270000457763672
ABEV3,2020-05-13,11.840000152587891,11.890000343322754,11.1899995803833,46230300,9.9818840026855469,11.260000228881836
ABEV3,2020-05-04,11.140000343322754,11.840000152587891,11.100000381469727,30157800,10.425129890441895,11.760000228881836
ABEV3,2020-09-02,12.75,12.819999694824219,12.550000190734863,18202600,11.311620712280273,12.760000228881836
ABEV3,2020-06-16,13.710000038146973,13.739999771118164,13.119999885559082,36070000,11.754866600036621,13.260000228881836
ABEV3,2020-08-06,13.229999542236328,13.390000343322754,13.010000228881836,35028900,11.754866600036621,13.260000228881836
ABEV3,2020-08-14,13.239999771118164,13.409999847412109,13.149999618530273,22032000,11.754866600036621,13.260000228881836
ABEV3,2022-06-08,13.630000114440918,13.930000305175781,13.539999961853027,13145200,13.071277618408203,13.760000228881836
ABEV3,2022-07-01,13.350000381469727,13.800000190734863,13.300000190734863,17714200,13.071277618408203,13.760000228881836
ABEV3,2020-06-29,14.090000152587891,14.430000305175781,13.880000114440918,22168000,12.641356468200684,14.260000228881836
ABEV3,2020-12-09,15.020000457763672,15.279999732971191,14.970000267028809,23965900,13.527847290039062,15.260000228881836
ABEV3,2021-04-29,15.210000038146973,15.460000038146973,15.210000038146973,14243200,13.951711654663086,15.260000228881836
ABEV3,2022-09-20,15.479999542236328,15.760000228881836,15.319999694824219,43727000,14.971172332763672,15.760000228881836
ABEV3,2022-11-29,15.909999847412109,16.049999237060547,15.6899995803833,23998200,14.971172332763672,15.760000228881836
ABEV3,2021-09-02,17.1200008392334,17.1200008392334,16.389999389648438,36473800,15.10368824005127,16.520000457763672
ABEV3,2021-07-07,17.690000534057617,17.899999618530273,17.559999465942383,25160400,16.24652099609375,17.770000457763672
ABEV3,2021-06-01,17.989999771118164,18.979999542236328,17.920000076293945,60016600,17.160787582397461,18.770000457763672
ABEV3,2021-01-07,16.030000686645508,16.239999771118164,15.909999847412109,32540100,14.604376792907715,16.049999237060547
ABEV3,2022-12-06,16.200000762939453,16.200000762939453,15.920000076293945,20081600,15.24665641784668,16.049999237060547
ABEV3,2020-03-25,11.300000190734863,12.069999694824219,11.0600004196167,33700300,10.327615737915039,11.649999618530273
ABEV3,2020-09-01,12.5,12.680000305175781,12.4399995803833,31742100,11.214105606079102,12.649999618530273
ABEV3,2020-10-19,13.260000228881836,13.520000457763672,13.140000343322754,20184800,11.657351493835449,13.149999618530273
ABEV3,2022-06-14,13.329999923706055,13.369999885559082,12.989999771118164,17505300,12.491808891296387,13.149999618530273
ABEV3,2023-01-27,13.75,13.75,13.590000152587891,23904300,13.649999618530273,13.649999618530273
ABEV3,2022-01-10,14.4399995803833,14.729999542236328,14.350000381469727,16375000,13.916729927062988,14.649999618530273
ABEV3,2022-04-19,14.5600004196167,14.760000228881836,14.409999847412109,25953600,13.916729927062988,14.649999618530273
ABEV3,2020-07-29,15.159999847412109,15.409999847412109,15.039999961853027,39734800,13.430332183837891,15.149999618530273
ABEV3,2021-01-22,15.420000076293945,15.550000190734863,14.949999809265137,36117500,13.851140975952148,15.149999618530273
ABEV3,2021-03-26,15.010000228881836,15.329999923706055,14.989999771118164,16410500,13.851140975952148,15.149999618530273
ABEV3,2020-12-30,16.049999237060547,16.100000381469727,15.649999618530273,19432700,14.240406036376953,15.649999618530273
ABEV3,2022-10-03,15.800000190734863,16.319999694824219,15.529999732971191,37122200,15.484143257141113,16.299999237060547
ABEV3,2021-07-06,17.739999771118164,17.860000610351562,17.319999694824219,34060600,16.045379638671875,17.549999237060547
ABEV3,2020-08-04,13.680000305175781,13.710000038146973,13.170000076293945,40601100,11.878974914550781,13.399999618530273
ABEV3,2022-06-30,13.369999885559082,13.539999961853027,13.350000381469727,22872000,12.72929573059082,13.399999618530273
ABEV3,2020-07-31,14.8100004196167,14.829999923706055,13.760000228881836,67776600,12.322219848632812,13.899999618530273
ABEV3,2020-07-23,14.710000038146973,14.890000343322754,14.390000343322754,21059900,12.765464782714844,14.399999618530273
ABEV3,2023-01-09,14.289999961853027,14.470000267028809,14.270000457763672,24448600,14.399999618530273,14.399999618530273
ABEV3,2020-11-11,15.199999809265137,15.25,14.75,44074400,13.208709716796875,14.899999618530273
ABEV3,2022-10-18,15.0600004196167,15.130000114440918,14.819999694824219,24386300,14.154216766357422,14.899999618530273
ABEV3,2021-01-26,15.210000038146973,15.6899995803833,15.1899995803833,28714100,14.079708099365234,15.399999618530273
ABEV3,2021-01-27,15.399999618530273,15.590000152587891,15.170000076293945,27437800,14.079708099365234,15.399999618530273
ABEV3,2021-12-21,15.449999809265137,15.550000190734863,15.319999694824219,18636200,14.629190444946289,15.399999618530273
ABEV3,2022-01-27,15.0600004196167,15.489999771118164,14.930000305175781,24801400,14.629190444946289,15.399999618530273
ABEV3,2022-03-31,15.229999542236328,15.579999923706055,15.130000114440918,23786300,14.629190444946289,15.399999618530273
ABEV3,2022-11-17,15.300000190734863,15.529999732971191,15.0,35475900,14.629190444946289,15.399999618530273
ABEV3,2021-04-22,15.890000343322754,16.110000610351562,15.659999847412109,22839800,14.536842346191406,15.899999618530273
ABEV3,2021-01-12,16.170000076293945,16.909999847412109,16.170000076293945,30598100,15.286826133728027,16.799999237060547
ABEV3,2021-07-13,17.489999771118164,17.899999618530273,17.420000076293945,22447700,16.273946762084961,17.799999237060547
ABEV3,2020-03-12,12.479999542236328,12.680000305175781,11.390000343322754,36313400,10.265562057495117,11.579999923706055
ABEV3,2020-08-18,13.020000457763672,13.260000228881836,12.899999618530273,30227500,11.595297813415527,13.079999923706055
ABEV3,2023-02-16,13.25,13.300000190734863,12.960000038146973,34528900,13.079999923706055,13.079999923706055
ABEV3,2022-05-23,14.140000343322754,14.140000343322754,13.850000381469727,21490000,13.375260353088379,14.079999923706055
ABEV3,2022-06-03,14.100000381469727,14.319999694824219,14.039999961853027,20761400,13.375260353088379,14.079999923706055
ABEV3,2021-02-22,14.5600004196167,14.890000343322754,14.329999923706055,39438200,13.330009460449219,14.579999923706055
ABEV3,2022-01-18,14.739999771118164,14.739999771118164,14.390000343322754,24913300,13.850234031677246,14.579999923706055
ABEV3,2021-03-05,14.949999809265137,15.350000381469727,14.899999618530273,39950600,13.787142753601074,15.079999923706055
ABEV3,2021-03-23,15.409999847412109,15.550000190734863,15.079999923706055,16016400,13.787142753601074,15.079999923706055
ABEV3,2021-10-07,15.130000114440918,15.199999809265137,15.010000228881836,19716000,13.787142753601074,15.079999923706055
ABEV3,2022-02-16,15.449999809265137,15.479999542236328,14.960000038146973,25057100,14.325207710266113,15.079999923706055
ABEV3,2021-08-09,17.110000610351562,17.360000610351562,17.0,15969000,15.68881893157959,17.159999847412109
ABEV3,2020-05-06,11.970000267028809,12.0600004196167,11.600000381469727,67031600,10.487184524536133,11.829999923706055
ABEV3,2020-11-05,13.090000152587891,13.359999656677246,12.949999809265137,23251900,11.816920280456543,13.329999923706055
ABEV3,2022-06-13,13.4399995803833,13.5600004196167,13.1899995803833,23595500,12.662799835205078,13.329999923706055
ABEV3,2022-06-23,13.350000381469727,13.380000114440918,13.25,17466700,12.662799835205078,13.329999923706055
ABEV3,2022-04-13,15.010000228881836,15.119999885559082,14.550000190734863,33771300,14.08772087097168,14.829999923706055
ABEV3,2022-10-14,15.020000457763672,15.119999885559082,14.789999961853027,16971400,14.08772087097168,14.829999923706055
ABEV3,2022-01-03,15.420000076293945,15.539999961853027,15.149999618530273,23833600,14.562694549560547,15.329999923706055
ABEV3,2021-09-27,15.649999618530273,16.0,15.649999618530273,14263100,14.4728422164917,15.829999923706055
ABEV3,2021-07-12,17.510000228881836,17.719999313354492,17.290000915527344,15673600,16.145950317382812,17.659999847412109
ABEV3,2021-07-14,18.100000381469727,18.170000076293945,17.760000228881836,28762700,16.3745174407959,17.909999847412109
ABEV3,2020-04-24,11.449999809265137,11.550000190734863,10.680000305175781,50923200,9.84891128540039,11.109999656677246
ABEV3,2020-04-20,11.399999618530273,11.850000381469727,11.289999961853027,22065800,10.292156219482422,11.609999656677246
ABEV3,2020-04-27,11.350000381469727,11.840000152587891,11.260000228881836,26166300,10.292156219482422,11.609999656677246
ABEV3,2023-02-02,13.0600004196167,13.529999732971191,13.0,49730600,13.109999656677246,13.109999656677246
ABEV3,2022-06-09,13.729999542236328,13.829999923706055,13.569999694824219,18417700,12.928784370422363,13.609999656677246
ABEV3,2022-06-29,13.5,13.699999809265137,13.350000381469727,27461600,12.928784370422363,13.609999656677246
ABEV3,2023-01-24,13.420000076293945,13.609999656677246,13.340000152587891,17822600,13.609999656677246,13.609999656677246
ABEV3,2020-06-22,13.699999809265137,14.180000305175781,13.680000305175781,24735500,12.508381843566895,14.109999656677246
ABEV3,2020-11-13,14.6899995803833,15.210000038146973,14.5600004196167,31182600,13.39487361907959,15.109999656677246
ABEV3,2021-01-29,15.399999618530273,15.670000076293945,15.069999694824219,23141500,13.814570426940918,15.109999656677246
ABEV3,2021-01-21,15.949999809265137,16.069999694824219,15.489999771118164,23062400,14.271703720092773,15.609999656677246
ABEV3,2021-02-02,15.869999885559082,16.299999237060547,15.430000305175781,34642100,14.271703720092773,15.609999656677246
ABEV3,2021-09-20,15.529999732971191,15.859999656677246,15.460000038146973,22475300,14.271703720092773,15.609999656677246
ABEV3,2022-08-29,15.649999618530273,15.6899995803833,15.510000228881836,9512400,14.828680038452148,15.609999656677246
ABEV3,2022-09-29,15.590000152587891,15.760000228881836,15.470000267028809,40055300,14.828680038452148,15.609999656677246
ABEV3,2021-01-18,16.159999847412109,16.479999542236328,16.020000457763672,13979800,14.82940673828125,16.219999313354492
ABEV3,2021-08-18,16.299999237060547,16.819999694824219,16.219999313354492,23317500,15.05797290802002,16.469999313354492
ABEV3,2021-05-26,17.75,17.799999237060547,17.319999694824219,16085400,15.972240447998047,17.469999313354492
ABEV3,2020-04-06,12.0,12.569999694824219,11.680000305175781,19126100,10.513778686523438,11.859999656677246
ABEV3,2020-08-24,13.0600004196167,13.109999656677246,12.819999694824219,18335400,11.400269508361816,12.859999656677246
ABEV3,2023-02-10,12.979999542236328,12.989999771118164,12.600000381469727,49142000,12.859999656677246,12.859999656677246
ABEV3,2023-01-17,13.300000190734863,13.949999809265137,13.199999809265137,68143400,13.859999656677246,13.859999656677246
ABEV3,2020-07-01,14.260000228881836,14.649999618530273,14.239999771118164,20736100,12.730005264282227,14.359999656677246
ABEV3,2020-07-06,14.380000114440918,14.409999847412109,14.109999656677246,24349100,12.730005264282227,14.359999656677246
ABEV3,2021-05-05,14.649999618530273,14.920000076293945,14.569999694824219,18070800,13.586004257202148,14.859999656677246
ABEV3,2022-02-11,14.819999694824219,15.100000381469727,14.75,30852600,14.116219520568848,14.859999656677246
ABEV3,2020-11-16,15.270000457763672,15.449999809265137,15.020000457763672,24432100,13.616496086120605,15.359999656677246
ABEV3,2021-04-09,15.220000267028809,15.640000343322754,15.210000038146973,16710000,14.043137550354004,15.359999656677246
ABEV3,2021-10-08,15.170000076293945,15.579999923706055,15.149999618530273,23980500,14.043137550354004,15.359999656677246
ABEV3,2020-12-18,15.739999771118164,16.049999237060547,15.640000343322754,33239900,14.431490898132324,15.859999656677246
ABEV3,2021-12-01,16.090000152587891,16.200000762939453,15.640000343322754,35109400,14.500270843505859,15.859999656677246
ABEV3,2020-05-07,11.649999618530273,12.300000190734863,11.340000152587891,56937900,10.230101585388184,11.539999961853027
ABEV3,2020-05-08,11.819999694824219,12.159999847412109,11.770000457763672,23218000,10.673347473144531,12.039999961853027
ABEV3,2020-09-11,12.369999885559082,12.380000114440918,12.039999961853027,25286500,10.673347473144531,12.039999961853027
ABEV3,2020-09-30,12.449999809265137,12.680000305175781,12.359999656677246,23817800,11.116592407226562,12.539999961853027
ABEV3,2022-05-25,14.119999885559082,14.130000114440918,13.909999847412109,15767900,13.337262153625488,14.039999961853027
ABEV3,2020-02-28,14.5,14.539999961853027,14.010000228881836,45807500,12.88957405090332,14.539999961853027
ABEV3,2022-01-19,14.649999618530273,14.680000305175781,14.390000343322754,31621600,13.812235832214355,14.539999961853027
ABEV3,2022-02-09,14.149999618530273,14.619999885559082,14.149999618530273,45857600,13.812235832214355,14.539999961853027
ABEV3,2022-05-13,14.550000190734863,14.670000076293945,14.449999809265137,13385100,13.812235832214355,14.539999961853027
ABEV3,2023-01-10,14.260000228881836,14.600000381469727,14.25,35535000,14.539999961853027,14.539999961853027
ABEV3,2021-10-04,15.079999923706055,15.229999542236328,14.8100004196167,29169100,13.750572204589844,15.039999961853027
ABEV3,2022-10-20,14.960000038146973,15.109999656677246,14.899999618530273,25176800,14.287210464477539,15.039999961853027
ABEV3,2021-01-28,15.390000343322754,15.760000228881836,15.260000228881836,20208100,14.2077054977417,15.539999961853027
ABEV3,2021-03-22,15.289999961853027,15.680000305175781,15.279999732971191,22475500,14.2077054977417,15.539999961853027
ABEV3,2022-09-30,15.600000381469727,15.6899995803833,15.449999809265137,28170400,14.762184143066406,15.539999961853027
ABEV3,2021-12-06,16.040000915527344,16.340000152587891,15.949999809265137,16844300,14.701409339904785,16.079999923706055
ABEV3,2021-12-08,16.1200008392334,16.340000152587891,15.920000076293945,23395200,14.701409339904785,16.079999923706055
ABEV3,2021-12-15,16.260000228881836,16.260000228881836,15.9399995803833,21743100,14.701409339904785,16.079999923706055
ABEV3,2022-12-01,15.920000076293945,16.159999847412109,15.880000114440918,28272700,15.275155067443848,16.079999923706055
ABEV3,2022-12-02,16.149999618530273,16.549999237060547,15.949999809265137,42011000,15.512641906738281,16.329999923706055
ABEV3,2021-07-28,17.040000915527344,17.329999923706055,16.850000381469727,27723400,15.844244003295898,17.329999923706055
ABEV3,2020-03-24,12.119999885559082,12.590000152587891,11.289999961853027,33699600,10.008479118347168,11.289999961853027
ABEV3,2020-09-18,13.109999656677246,13.170000076293945,12.789999961853027,46869000,11.338215827941895,12.789999961853027
ABEV3,2022-07-12,14.109999656677246,14.109999656677246,13.529999732971191,50374400,13.099775314331055,13.789999961853027
ABEV3,2020-07-15,14.079999923706055,14.449999809265137,14.020000457763672,31872500,12.667951583862305,14.289999961853027
ABEV3,2022-02-07,14.430000305175781,14.510000228881836,14.270000457763672,21182100,13.574748992919922,14.289999961853027
ABEV3,2023-01-05,14.270000457763672,14.409999847412109,14.140000343322754,31031500,14.289999961853027,14.289999961853027
ABEV3,2023-01-11,14.510000228881836,14.789999961853027,13.949999809265137,74419600,14.289999961853027,14.289999961853027
ABEV3,2021-02-12,14.890000343322754,14.970000267028809,14.75,17542300,13.522005081176758,14.789999961853027
ABEV3,2021-02-18,15.1899995803833,15.220000267028809,14.789999961853027,30823900,13.522005081176758,14.789999961853027
ABEV3,2021-03-31,15.600000381469727,15.670000076293945,15.289999961853027,14580700,13.97913932800293,15.289999961853027
ABEV3,2021-04-27,15.510000228881836,15.600000381469727,15.210000038146973,18054400,13.97913932800293,15.289999961853027
ABEV3,2022-11-01,16.030000686645508,16.139999389648438,15.770000457763672,28453200,14.99967098236084,15.789999961853027
ABEV3,2021-08-12,16.569999694824219,16.780000686645508,16.5,15643300,15.158543586730957,16.579999923706055
ABEV3,2021-08-25,17.5,17.6200008392334,17.340000152587891,13858600,16.072811126708984,17.579999923706055
ABEV3,2021-11-03,17.200000762939453,18.100000381469727,17.200000762939453,42222400,16.301376342773438,17.829999923706055
ABEV3,2021-08-19,16.459999084472656,17.270000457763672,16.409999847412109,39834200,15.716246604919434,17.190000534057617
ABEV3,2021-09-06,16.559999465942383,17.190000534057617,16.319999694824219,10036700,15.716246604919434,17.190000534057617
ABEV3,2020-05-12,11.899999618530273,12.300000190734863,11.710000038146973,33395400,10.389670372009277,11.720000267028809
ABEV3,2020-10-27,14.239999771118164,14.260000228881836,13.630000114440918,31147200,12.162652015686035,13.720000267028809
ABEV3,2022-06-27,13.729999542236328,13.850000381469727,13.640000343322754,16111400,13.033279418945312,13.720000267028809
ABEV3,2020-11-09,13.8100004196167,14.25,13.619999885559082,57332800,12.605896949768066,14.220000267028809
ABEV3,2022-05-18,14.720000267028809,14.819999694824219,14.180000305175781,29516600,13.50825309753418,14.220000267028809
ABEV3,2020-03-02,14.590000152587891,14.979999542236328,14.399999618530273,31307000,13.049141883850098,14.720000267028809
ABEV3,2021-04-07,15.229999542236328,15.430000305175781,15.090000152587891,11811200,13.915140151977539,15.220000267028809
ABEV3,2021-10-27,15.3100004196167,15.710000038146973,15.220000267028809,26056100,13.915140151977539,15.220000267028809
ABEV3,2021-09-22,15.770000457763672,15.899999618530273,15.630000114440918,13740400,14.372274398803711,15.720000267028809
ABEV3,2022-09-09,15.5,15.760000228881836,15.479999542236328,13422600,14.933174133300781,15.720000267028809
ABEV3,2022-09-28,15.420000076293945,15.800000190734863,15.380000114440918,30344400,14.933174133300781,15.720000267028809
ABEV3,2022-11-23,15.649999618530273,15.850000381469727,15.550000190734863,26642400,14.933174133300781,15.720000267028809
ABEV3,2021-09-14,16.409999847412109,16.670000076293945,16.3700008392334,12461100,15.030546188354492,16.440000534057617
ABEV3,2021-11-26,16.899999618530273,17.069999694824219,16.579999923706055,21060500,15.259113311767578,16.690000534057617
ABEV3,2021-05-27,17.3799991607666,17.690000534057617,17.200000762939453,41881900,16.173379898071289,17.690000534057617
ABEV3,2020-06-02,12.760000228881836,13.300000190734863,12.640000343322754,25304000,11.497783660888672,12.970000267028809
ABEV3,2020-08-21,12.859999656677246,12.970000267028809,12.699999809265137,19407800,11.497783660888672,12.970000267028809
ABEV3,2022-03-15,13.350000381469727,13.670000076293945,13.350000381469727,26412400,12.795792579650879,13.470000267028809
ABEV3,2022-05-02,14.579999923706055,14.710000038146973,14.319999694824219,22755000,13.745739936828613,14.470000267028809
ABEV3,2020-12-07,14.920000076293945,15.229999542236328,14.850000381469727,25164600,13.270764350891113,14.970000267028809
ABEV3,2022-01-31,14.899999618530273,15.119999885559082,14.770000457763672,21318000,14.22071361541748,14.970000267028809
ABEV3,2022-09-19,15.300000190734863,15.529999732971191,15.180000305175781,14253700,14.695687294006348,15.470000267028809
ABEV3,2021-07-05,17.420000076293945,18.0,17.360000610351562,18812100,16.401945114135742,17.940000534057617
ABEV3,2021-06-11,19.239999771118164,19.389999389648438,18.840000152587891,30946600,17.316213607788086,18.940000534057617